Nodes,NodeType,ZeroAct,UpAct,DownAct,AvgAct,measured,Activity,sign_activity,mofa_weights
ACVR1,3,0,1,0,1,1,1,1,2.398459516764173
AKT3,1,0,1,0,1,1,1,1,NA
BMPR2,1,0,1,0,1,1,1,1,2.0000310648062114
ETS1,1,0,1,0,1,1,1,1,8.358150846373533
MAP3K7,1,0,1,0,1,1,1,1,NA
PIK3R1,1,0,1,0,1,1,1,1,NA
SMAD3,3,0,1,0,1,1,1,1,2.443357233087656
SMAD3,3,0,1,0,1,1,1,1,6.250711166096205
SMAD4,1,0,1,0,1,1,1,1,4.519349452893868
TGFBR2,3,0,1,0,1,1,1,1,1.5851099816558878
TRAF6,1,0,1,0,1,1,1,1,NA
