Nodes,NodeType,ZeroAct,UpAct,DownAct,AvgAct,measured,Activity,sign_activity,mofa_weights
CTCF,1,0,1,0,1,1,1,1,6.348663067645258
GPC6,0,0,1,0,1,0,1,1,NA
JUN,1,0,1,0,1,1,1,1,6.289921481510688
MYC,1,0,0,1,-1,1,-1,-1,-5.155864131816764
NLK,0,0,0,1,-1,0,-1,-1,NA
SMAD4,1,0,1,0,1,1,1,1,4.519349452893868
TCF4,1,0,1,0,1,1,1,1,5.22653915652816
WNT5A,0,0,0,1,-1,0,-1,-1,NA
